adorable,adjective
adventurous,adjective
aggressive,adjective
agreeable,adjective
alert,adjective
alive,adjective
amused,adjective
angry,adjective
annoyed,adjective
annoying,adjective
anxious,adjective
arrogant,adjective
ashamed,adjective
attractive,adjective
average,adjective
awful,adjective
bad,adjective
beautiful,adjective
better,adjective
bewildered,adjective
black,adjective
bloody,adjective
blue,adjective
blue-eyed,adjective
blushing,adjective
bored,adjective
brainy,adjective
brave,adjective
breakable,adjective
bright,adjective
busy,adjective
calm,adjective
careful,adjective
cautious,adjective
charming,adjective
cheerful,adjective
clean,adjective
clear,adjective
clever,adjective
cloudy,adjective
clumsy,adjective
colorful,adjective
combative,adjective
comfortable,adjective
concerned,adjective
condemned,adjective
confused,adjective
cooperative,adjective
courageous,adjective
crazy,adjective
creepy,adjective
crowded,adjective
cruel,adjective
curious,adjective
cute,adjective
dangerous,adjective
dark,adjective
dead,adjective
defeated,adjective
defiant,adjective
delightful,adjective
depressed,adjective
determined,adjective
different,adjective
difficult,adjective
disgusted,adjective
distinct,adjective
disturbed,adjective
dizzy,adjective
doubtful,adjective
drab,adjective
dull,adjective
eager,adjective
easy,adjective
elated,adjective
elegant,adjective
embarrassed,adjective
enchanting,adjective
encouraging,adjective
energetic,adjective
enthusiastic,adjective
envious,adjective
evil,adjective
excited,adjective
expensive,adjective
exuberant,adjective
fair,adjective
faithful,adjective
famous,adjective
fancy,adjective
fantastic,adjective
fierce,adjective
filthy,adjective
fine,adjective
foolish,adjective
fragile,adjective
frail,adjective
frantic,adjective
friendly,adjective
frightened,adjective
funny,adjective
gentle,adjective
gifted,adjective
glamorous,adjective
gleaming,adjective
glorious,adjective
good,adjective
gorgeous,adjective
graceful,adjective
grieving,adjective
grotesque,adjective
grumpy,adjective
handsome,adjective
happy,adjective
healthy,adjective
helpful,adjective
helpless,adjective
hilarious,adjective
homeless,adjective
homely,adjective
horrible,adjective
hungry,adjective
hurt,adjective
ill,adjective
important,adjective
impossible,adjective
inexpensive,adjective
innocent,adjective
inquisitive,adjective
itchy,adjective
jealous,adjective
jittery,adjective
jolly,adjective
joyous,adjective
kind,adjective
lazy,adjective
light,adjective
lively,adjective
lonely,adjective
long,adjective
lovely,adjective
lucky,adjective
magnificent,adjective
misty,adjective
modern,adjective
motionless,adjective
muddy,adjective
mushy,adjective
mysterious,adjective
nasty,adjective
naughty,adjective
nervous,adjective
nice,adjective
nutty,adjective
obedient,adjective
obnoxious,adjective
odd,adjective
old-fashioned,adjective
open,adjective
outrageous,adjective
outstanding,adjective
panicky,adjective
perfect,adjective
plain,adjective
pleasant,adjective
poised,adjective
poor,adjective
powerful,adjective
precious,adjective
prickly,adjective
proud,adjective
puzzled,adjective
quaint,adjective
real,adjective
relieved,adjective
repulsive,adjective
rich,adjective
scary,adjective
selfish,adjective
shiny,adjective
shy,adjective
silly,adjective
sleepy,adjective
smiling,adjective
smoggy,adjective
sore,adjective
sparkling,adjective
splendid,adjective
spotless,adjective
stormy,adjective
strange,adjective
stupid,adjective
successful,adjective
super,adjective
talented,adjective
tame,adjective
tender,adjective
tense,adjective
terrible,adjective
testy,adjective
thankful,adjective
thoughtful,adjective
thoughtless,adjective
tired,adjective
tough,adjective
troubled,adjective
ugliest,adjective
ugly,adjective
uninterested,adjective
unsightly,adjective
unusual,adjective
upset,adjective
uptight,adjective
vast,adjective
victorious,adjective
vivacious,adjective
wandering,adjective
weary,adjective
wicked,adjective
wide-eyed,adjective
wild,adjective
witty,adjective
worrisome,adjective
worried,adjective
wrong,adjective
zany,adjective
zealous,adjective
