people,noun
history,noun
way,noun
art,noun
world,noun
information,noun
map,noun
two,noun
family,noun
government,noun
health,noun
system,noun
computer,noun
meat,noun
year,noun
thanks,noun
music,noun
person,noun
reading,noun
method,noun
data,noun
food,noun
understanding,noun
theory,noun
law,noun
bird,noun
literature,noun
problem,noun
software,noun
control,noun
knowledge,noun
power,noun
ability,noun
economics,noun
love,noun
internet,noun
television,noun
science,noun
library,noun
nature,noun
fact,noun
product,noun
idea,noun
temperature,noun
investment,noun
area,noun
society,noun
activity,noun
story,noun
industry,noun
media,noun
thing,noun
oven,noun
community,noun
definition,noun
safety,noun
quality,noun
development,noun
language,noun
management,noun
player,noun
variety,noun
video,noun
week,noun
security,noun
country,noun
exam,noun
movie,noun
organization,noun
equipment,noun
physics,noun
analysis,noun
policy,noun
series,noun
thought,noun
basis,noun
boyfriend,noun
direction,noun
strategy,noun
technology,noun
army,noun
camera,noun
freedom,noun
paper,noun
environment,noun
child,noun
instance,noun
month,noun
truth,noun
marketing,noun
university,noun
writing,noun
article,noun
department,noun
difference,noun
goal,noun
news,noun
audience,noun
fishing,noun
growth,noun
income,noun
marriage,noun
user,noun
combination,noun
failure,noun
meaning,noun
medicine,noun
philosophy,noun
teacher,noun
communication,noun
night,noun
chemistry,noun
disease,noun
disk,noun
energy,noun
nation,noun
road,noun
role,noun
soup,noun
advertising,noun
location,noun
success,noun
addition,noun
apartment,noun
education,noun
math,noun
moment,noun
painting,noun
politics,noun
attention,noun
decision,noun
event,noun
property,noun
shopping,noun
student,noun
wood,noun
competition,noun
distribution,noun
entertainment,noun
office,noun
population,noun
president,noun
unit,noun
category,noun
cigarette,noun
context,noun
introduction,noun
opportunity,noun
performance,noun
driver,noun
flight,noun
length,noun
magazine,noun
newspaper,noun
relationship,noun
teaching,noun
cell,noun
dealer,noun
finding,noun
lake,noun
member,noun
message,noun
phone,noun
scene,noun
appearance,noun
association,noun
concept,noun
customer,noun
death,noun
discussion,noun
housing,noun
inflation,noun
insurance,noun
mood,noun
woman,noun
advice,noun
blood,noun
effort,noun
expression,noun
importance,noun
opinion,noun
payment,noun
reality,noun
responsibility,noun
situation,noun
skill,noun
statement,noun
wealth,noun
application,noun
city,noun
county,noun
depth,noun
estate,noun
foundation,noun
grandmother,noun
heart,noun
perspective,noun
photo,noun
recipe,noun
studio,noun
topic,noun
collection,noun
depression,noun
imagination,noun
passion,noun
percentage,noun
resource,noun
setting,noun
ad,noun
agency,noun
college,noun
connection,noun
criticism,noun
debt,noun
description,noun
memory,noun
patience,noun
secretary,noun
solution,noun
administration,noun
aspect,noun
attitude,noun
director,noun
personality,noun
psychology,noun
recommendation,noun
response,noun
selection,noun
storage,noun
version,noun
alcohol,noun
argument,noun
complaint,noun
contract,noun
emphasis,noun
highway,noun
loss,noun
membership,noun
possession,noun
preparation,noun
steak,noun
union,noun
agreement,noun
cancer,noun
currency,noun
employment,noun
engineering,noun
entry,noun
interaction,noun
mixture,noun
preference,noun
region,noun
republic,noun
tradition,noun
virus,noun
actor,noun
classroom,noun
delivery,noun
device,noun
difficulty,noun
drama,noun
election,noun
engine,noun
football,noun
guidance,noun
hotel,noun
owner,noun
priority,noun
protection,noun
suggestion,noun
tension,noun
variation,noun
anxiety,noun
atmosphere,noun
awareness,noun
bath,noun
bread,noun
candidate,noun
climate,noun
comparison,noun
confusion,noun
construction,noun
elevator,noun
emotion,noun
employee,noun
employer,noun
guest,noun
height,noun
leadership,noun
mall,noun
manager,noun
operation,noun
recording,noun
sample,noun
transportation,noun
charity,noun
cousin,noun
disaster,noun
editor,noun
efficiency,noun
excitement,noun
extent,noun
feedback,noun
guitar,noun
homework,noun
leader,noun
mom,noun
outcome,noun
permission,noun
presentation,noun
promotion,noun
reflection,noun
refrigerator,noun
resolution,noun
revenue,noun
session,noun
singer,noun
tennis,noun
basket,noun
bonus,noun
cabinet,noun
childhood,noun
church,noun
clothes,noun
coffee,noun
dinner,noun
drawing,noun
hair,noun
hearing,noun
initiative,noun
judgment,noun
lab,noun
measurement,noun
mode,noun
mud,noun
orange,noun
poetry,noun
police,noun
possibility,noun
procedure,noun
queen,noun
ratio,noun
relation,noun
restaurant,noun
satisfaction,noun
sector,noun
signature,noun
significance,noun
song,noun
tooth,noun
town,noun
vehicle,noun
volume,noun
wife,noun
accident,noun
airport,noun
appointment,noun
arrival,noun
assumption,noun
baseball,noun
chapter,noun
committee,noun
conversation,noun
database,noun
enthusiasm,noun
error,noun
explanation,noun
farmer,noun
gate,noun
girl,noun
hall,noun
historian,noun
hospital,noun
injury,noun
instruction,noun
maintenance,noun
manufacturer,noun
meal,noun
perception,noun
pie,noun
poem,noun
presence,noun
proposal,noun
reception,noun
replacement,noun
revolution,noun
river,noun
son,noun
speech,noun
tea,noun
village,noun
warning,noun
winner,noun
worker,noun
writer,noun
assistance,noun
breath,noun
buyer,noun
chest,noun
chocolate,noun
conclusion,noun
contribution,noun
cookie,noun
courage,noun
dad,noun
desk,noun
drawer,noun
establishment,noun
examination,noun
garbage,noun
grocery,noun
honey,noun
impression,noun
improvement,noun
independence,noun
insect,noun
inspection,noun
inspector,noun
king,noun
ladder,noun
menu,noun
penalty,noun
piano,noun
potato,noun
profession,noun
professor,noun
quantity,noun
reaction,noun
requirement,noun
salad,noun
sister,noun
supermarket,noun
tongue,noun
weakness,noun
wedding,noun
affair,noun
ambition,noun
analyst,noun
apple,noun
assignment,noun
assistant,noun
bathroom,noun
bedroom,noun
beer,noun
birthday,noun
celebration,noun
championship,noun
cheek,noun
client,noun
consequence,noun
departure,noun
diamond,noun
dirt,noun
ear,noun
fortune,noun
friendship,noun
funeral,noun
gene,noun
girlfriend,noun
hat,noun
indication,noun
intention,noun
lady,noun
midnight,noun
negotiation,noun
obligation,noun
passenger,noun
pizza,noun
platform,noun
poet,noun
pollution,noun
recognition,noun
reputation,noun
shirt,noun
sir,noun
speaker,noun
stranger,noun
surgery,noun
sympathy,noun
tale,noun
throat,noun
trainer,noun
uncle,noun
youth,noun
